{"nodes_per_dir":[10000,100000,1000000,10000000,100000000,10000,100000,1000000,10000000,100000000],"sparse_func":["laplacian_fdm","laplacian_fdm","laplacian_fdm","laplacian_fdm","laplacian_fdm","laplacian_fdm","laplacian_fdm","laplacian_fdm","laplacian_fdm","laplacian_fdm"],"nruns":[10,10,10,10,10,10,10,10,10,10],"type":["cpu","cpu","cpu","cpu","cpu","gpu","gpu","gpu","gpu","gpu"],"times":[[[2.8102e-5,1.1251e-5,1.033e-5,3.0026e-5,7.234e-6,1.0009e-5,7.404e-6,7.023e-6,1.2914e-5,9.648e-6],[2.5217e-5,2.1139e-5,8.386e-6,7.584e-6,6.842e-6,6.693e-6,1.2734e-5,6.883e-6,6.693e-6,6.823e-6],[2.657e-5,1.9066e-5,6.232e-6,6.211e-6,9.147e-6,6.031e-6,9.247e-6,6.462e-6,6.121e-6,6.102e-6],[2.1871e-5,1.572e-5,6.853e-6,6.292e-6,6.322e-6,8.967e-6,6.031e-6,6.122e-6,6.142e-6,6.582e-6],[2.7231e-5,1.3836e-5,1.2683e-5,6.271e-6,6.652e-6,6.001e-6,6.141e-6,1.2323e-5,6.041e-6,6.132e-6],[2.3514e-5,1.1351e-5,1.0119e-5,6.853e-6,1.0059e-5,6.883e-6,9.648e-6,7.033e-6,6.863e-6,9.769e-6]],[[7.5251e-5,7.7666e-5,9.0289e-5,7.7125e-5,6.6384e-5,7.3889e-5,7.0321e-5,7.3538e-5,6.9731e-5,7.4119e-5],[7.5542e-5,7.3678e-5,7.5772e-5,8.5471e-5,7.5943e-5,6.953e-5,7.6593e-5,7.3387e-5,6.9631e-5,6.9991e-5],[6.971e-5,6.6885e-5,6.9119e-5,6.3198e-5,7.4269e-5,6.2958e-5,6.6434e-5,6.3047e-5,6.3008e-5,6.2607e-5],[8.6753e-5,6.6755e-5,6.7136e-5,6.6495e-5,6.6334e-5,6.6295e-5,6.3098e-5,7.5782e-5,5.9642e-5,6.9049e-5],[6.8709e-5,6.5743e-5,6.942e-5,7.9469e-5,6.913e-5,6.5783e-5,6.5573e-5,6.5593e-5,6.7867e-5,6.6204e-5],[7.479e-5,7.0502e-5,6.6545e-5,7.8357e-5,6.9911e-5,7.9098e-5,6.5934e-5,7.2495e-5,6.964e-5,7.7034e-5]],[[0.000742099,0.000736498,0.000711973,0.000727481,0.000727491,0.000727682,0.000717162,0.00072631,0.000727311,0.000719587],[0.000750267,0.000713789,0.000727905,0.000735008,0.000727965,0.000704671,0.000724007,0.000728837,0.000712887,0.0007196],[0.000684529,0.000685891,0.000681162,0.000644754,0.000674008,0.000683466,0.000645866,0.00066937,0.000668569,0.000646517],[0.000657613,0.000647564,0.000634489,0.000646152,0.000657803,0.000639339,0.000646112,0.000643166,0.000639609,0.000654256],[0.000664735,0.000638295,0.000658403,0.000654116,0.000635511,0.000659155,0.000662902,0.000630932,0.000646992,0.000644357],[0.000737309,0.000735606,0.000743561,0.000708235,0.000722171,0.000729956,0.000727581,0.000710079,0.000730476,0.000728613]],[[0.009529483,0.009576331,0.009558588,0.009544371,0.009514726,0.00955459,0.009544141,0.009596328,0.009605115,0.009517762],[0.009169637,0.009238146,0.009249657,0.009262832,0.009215774,0.00924598,0.009248164,0.009241923,0.00920816,0.009241252],[0.008437828,0.008414023,0.008436145,0.008417881,0.008454249,0.008435494,0.008450181,0.008411439,0.008416899,0.008420245],[0.008419608,0.008491883,0.00844741,0.008478909,0.008473509,0.008462579,0.008477947,0.008489209,0.008453271,0.008426631],[0.008414924,0.008463836,0.008445942,0.008478734,0.008459527,0.008497499,0.008440401,0.008459327,0.008465318,0.00847164],[0.009144716,0.009119259,0.009165215,0.009116233,0.009129899,0.009159204,0.009150217,0.009141401,0.009140659,0.009184261]],[[0.09554971,0.095642114,0.095484598,0.095440536,0.095583404,0.095643135,0.095481463,0.095459542,0.095747931,0.095701635],[0.091958422,0.092050635,0.091999459,0.091919068,0.092010841,0.091995522,0.091933335,0.091985593,0.09197328,0.092058109],[0.084040659,0.084273844,0.084408867,0.084279395,0.084232167,0.084263315,0.084237618,0.084333436,0.084274967,0.084344246],[0.084358142,0.084504166,0.084475422,0.084451808,0.084504256,0.084540434,0.084581862,0.084525095,0.084525746,0.084644519],[0.084335777,0.084414516,0.084327602,0.084353952,0.084398135,0.084460632,0.084306272,0.084383087,0.084451655,0.084495276],[0.091920513,0.091958124,0.091960639,0.092040338,0.091990585,0.092058923,0.09215885,0.091916246,0.091948646,0.091955248]],[[0.000202559,0.000110247,8.9227e-5,8.531e-5,9.4607e-5,0.000111899,8.4338e-5,8.4628e-5,9.073e-5,8.059e-5],[0.000187713,0.000107902,9.5209e-5,8.6102e-5,8.8005e-5,8.4699e-5,0.000110407,8.7895e-5,8.511e-5,8.3567e-5],[0.000204553,9.9436e-5,9.9676e-5,8.4959e-5,9.0679e-5,9.2854e-5,0.000113943,9.1281e-5,9.07e-5,8.9197e-5],[0.00018691,0.000130575,9.1011e-5,8.6923e-5,8.6261e-5,8.8476e-5,8.014e-5,9.611e-5,7.9459e-5,8.2675e-5],[0.000217869,9.6971e-5,9.2253e-5,8.4869e-5,8.6062e-5,8.53e-5,9.057e-5,9.1261e-5,7.5812e-5,8.7534e-5],[0.000192811,0.000103614,8.7835e-5,8.532e-5,8.0881e-5,8.9517e-5,7.6173e-5,9.4166e-5,0.000106389,8.6101e-5]],[[0.000120355,8.1283e-5,9.108e-5,9.1842e-5,8.4448e-5,9.0459e-5,9.1442e-5,8.2093e-5,8.2644e-5,8.8295e-5],[8.8215e-5,8.9909e-5,8.511e-5,8.9458e-5,8.1252e-5,0.000112421,8.3536e-5,8.7635e-5,7.9489e-5,8.3958e-5],[9.5288e-5,9.0399e-5,8.7594e-5,8.5791e-5,8.7143e-5,8.7584e-5,8.0039e-5,9.0589e-5,8.4078e-5,0.00011223],[8.2916e-5,0.000113062,7.7936e-5,9.0901e-5,8.3406e-5,8.3837e-5,8.6683e-5,8.6883e-5,8.4138e-5,8.0862e-5],[8.3056e-5,8.8436e-5,7.9839e-5,0.000110447,9.5008e-5,8.2354e-5,8.6131e-5,8.2585e-5,8.529e-5,8.027e-5],[9.3685e-5,8.4228e-5,8.5781e-5,8.03e-5,8.8556e-5,8.1232e-5,8.9758e-5,8.02e-5,8.4298e-5,8.4128e-5]],[[9.7973e-5,9.0669e-5,9.1932e-5,0.000115316,9.3685e-5,8.8916e-5,8.7463e-5,9.7803e-5,0.000108684,9.4667e-5],[8.6452e-5,8.5421e-5,0.00010126,0.000110618,7.8928e-5,9.7322e-5,7.9138e-5,9.7613e-5,9.4988e-5,8.3968e-5],[8.8615e-5,9.3525e-5,0.000115806,9.8905e-5,9.0369e-5,9.2283e-5,9.5889e-5,9.089e-5,9.635e-5,8.3075e-5],[9.1511e-5,9.2383e-5,0.000100779,0.000114945,8.3697e-5,9.7923e-5,7.8587e-5,9.2043e-5,9.1883e-5,8.8917e-5],[8.6793e-5,0.000105418,9.5138e-5,0.000117189,9.6782e-5,8.8425e-5,9.8133e-5,9.079e-5,9.2123e-5,8.6462e-5],[8.016e-5,0.000101379,8.8605e-5,8.4768e-5,0.000119533,8.6933e-5,9.4537e-5,8.6853e-5,8.6803e-5,9.4517e-5]],[[0.063522616,0.001439674,0.001304471,0.001338535,0.00053966,0.000579674,0.000551913,0.000553987,0.000559257,0.000548657],[0.063095822,0.001333952,0.001221381,0.001250646,0.00055985,0.00054392,0.000559339,0.000537338,0.000556504,0.000545132],[0.063499891,0.001375102,0.001238457,0.00137411,0.00055555,0.000588471,0.000548787,0.000588951,0.000550099,0.000548587],[0.063818978,0.001288456,0.001147652,0.001326758,0.000552746,0.000552466,0.000547076,0.000535204,0.000579257,0.000542798],[0.062898609,0.001475785,0.001366219,0.001309864,0.000552074,0.000549239,0.000575258,0.00052318,0.000558025,0.000558777],[0.06280597,0.001424404,0.001142126,0.001501379,0.000583101,0.000545621,0.000546793,0.000551551,0.000575827,0.000547634]],[[0.004922231,0.00495387,0.004882707,0.004994366,0.00489484,0.004933512,0.004915258,0.004948761,0.004869282,0.004908505],[0.005030605,0.004887646,0.004925638,0.004891845,0.004947098,0.00490586,0.004899208,0.004896573,0.004899379,0.004896784],[0.004882946,0.004914905,0.004979777,0.004866986,0.004961613,0.004866204,0.004961011,0.004915156,0.004925895,0.004900549],[0.004903184,0.005001829,0.004848061,0.004947267,0.004913092,0.004958318,0.00492761,0.004911239,0.004953328,0.004845396],[0.004904407,0.004928273,0.004899949,0.004944482,0.004951185,0.004906913,0.00488414,0.004917252,0.004898406,0.004917622],[0.005114718,0.004897561,0.00492882,0.004994393,0.00491271,0.004874609,0.004901349,0.004910687,0.004943227,0.00492875]]],"workers":[6,6,6,6,6,6,6,6,6,6]}