{"nodes_per_dir":[10000,100000,1000000,10000000,100000000,10000,100000,1000000,10000000,100000000],"sparse_func":["laplacian_fdm","laplacian_fdm","laplacian_fdm","laplacian_fdm","laplacian_fdm","laplacian_fdm","laplacian_fdm","laplacian_fdm","laplacian_fdm","laplacian_fdm"],"nruns":[10,10,10,10,10,10,10,10,10,10],"type":["cpu","cpu","cpu","cpu","cpu","gpu","gpu","gpu","gpu","gpu"],"times":[[[9.7582e-5,6.1986e-5,6.5933e-5,4.7438e-5,3.6859e-5,4.4643e-5,3.6849e-5,4.298e-5,3.6257e-5,3.751e-5]],[[0.000408815,0.000424454,0.000403204,0.000410228,0.000381263,0.000393055,0.00037956,0.000377506,0.000398565,0.000407903]],[[0.005577583,0.005578165,0.00562895,0.005624662,0.005638087,0.005604595,0.005599245,0.00557002,0.005562516,0.005600086]],[[0.056896796,0.056744781,0.055999036,0.055977186,0.055879062,0.056633253,0.057273921,0.055330777,0.056302003,0.055752836]],[[0.559136674,0.563910255,0.567944582,0.564015952,0.560820834,0.565355488,0.568161137,0.567076297,0.56626537,0.566989905]],[[0.000348071,0.000110256,8.5159e-5,9.0059e-5,8.4869e-5,8.3827e-5,8.9678e-5,8.4949e-5,0.000110476,8.4488e-5]],[[0.000139741,0.000113622,8.3666e-5,9.612e-5,9.5038e-5,8.6051e-5,9.645e-5,8.516e-5,8.5891e-5,8.3386e-5]],[[0.000301474,0.061209158,0.000292196,0.000327813,0.000837677,0.000315019,0.000757898,0.00032035,0.000756756,0.000321381]],[[0.00291856,0.002947434,0.002965467,0.002950099,0.002959957,0.002952193,0.002974795,0.002968023,0.002965668,0.002951371]],[[0.028777857,0.028712915,0.028669113,0.028674914,0.02869387,0.028686445,0.028681857,0.028693248,0.028690934,0.028663202]]],"workers":[1,1,1,1,1,1,1,1,1,1]}