{"nodes_per_dir":[10000,100000,1000000,10000000,100000000,10000,100000,1000000,10000000,100000000],"sparse_func":["laplacian_fdm","laplacian_fdm","laplacian_fdm","laplacian_fdm","laplacian_fdm","laplacian_fdm","laplacian_fdm","laplacian_fdm","laplacian_fdm","laplacian_fdm"],"nruns":[10,10,10,10,10,10,10,10,10,10],"type":["cpu","cpu","cpu","cpu","cpu","gpu","gpu","gpu","gpu","gpu"],"times":[[[7.8006e-5,5.6426e-5,4.1839e-5,3.5446e-5,4.4583e-5,6.2447e-5,4.308e-5,4.1417e-5,3.8482e-5,4.4403e-5],[8.2475e-5,7.0412e-5,4.8782e-5,4.9383e-5,3.9514e-5,5.1797e-5,3.9594e-5,4.9373e-5,3.9424e-5,4.3372e-5],[8.0611e-5,7.3237e-5,4.9021e-5,4.9422e-5,4.3141e-5,4.6036e-5,4.6026e-5,4.9293e-5,3.9975e-5,4.289e-5],[8.7033e-5,7.1234e-5,4.6347e-5,4.6277e-5,4.286e-5,4.3011e-5,4.5987e-5,3.9524e-5,4.6146e-5,3.9775e-5],[7.7054e-5,6.428e-5,4.8e-5,3.9244e-5,3.9223e-5,4.1898e-5,3.8412e-5,3.8702e-5,4.2279e-5,3.5126e-5],[7.7265e-5,7.485e-5,4.9102e-5,4.6076e-5,4.9172e-5,4.283e-5,4.9272e-5,3.9855e-5,4.6317e-5,4.5976e-5]],[[0.000424264,0.000388587,0.000388096,0.000412783,0.000393677,0.000402984,0.00038496,0.000381684,0.000408385,0.000391843],[0.000445646,0.000453621,0.000434715,0.0004481,0.000442269,0.000453811,0.000424937,0.000450886,0.000429175,0.000434454],[0.000439451,0.00046077,0.000432968,0.000450632,0.000429753,0.000440723,0.000446554,0.000432728,0.000451092,0.000435353],[0.000445596,0.000467076,0.000435707,0.000454913,0.000431199,0.000447049,0.000427552,0.000462958,0.000430828,0.000431309],[0.000424816,0.000390762,0.000385201,0.000406992,0.000390111,0.00040061,0.000383529,0.000381645,0.000407743,0.00038992],[0.000452967,0.000450152,0.000431878,0.000421519,0.000447768,0.000429684,0.000440705,0.000425907,0.000440324,0.000432239]],[[0.005994859,0.005164504,0.005183411,0.005198979,0.005207075,0.005234626,0.00516219,0.005211352,0.005218726,0.005221562],[0.006306868,0.005500536,0.005525493,0.005537616,0.005496779,0.005532405,0.005537806,0.005539418,0.005541032,0.005537856],[0.006018829,0.005484452,0.005509518,0.005518015,0.005511672,0.005549292,0.005524516,0.005515309,0.005522212,0.00555329],[0.00587189,0.005536301,0.005511644,0.005527003,0.005537563,0.005567019,0.005547001,0.005523387,0.005521613,0.00552994],[0.005680741,0.005052966,0.005038809,0.00504436,0.005057324,0.005050602,0.005036435,0.005051793,0.00507083,0.005045201],[0.00666041,0.005610305,0.00555946,0.005607299,0.005604584,0.005563367,0.005616277,0.005589836,0.005608231,0.005614573]],[[0.053448463,0.053556515,0.05373012,0.053565111,0.053660018,0.053717336,0.053567516,0.053438374,0.053571093,0.053509196],[0.054962378,0.055115746,0.055163605,0.055150161,0.055142286,0.055115425,0.055062266,0.05522452,0.055127127,0.058809894],[0.073879018,0.074047122,0.074018027,0.073986198,0.073947425,0.073957084,0.073923381,0.073911628,0.074058653,0.073933129],[0.076039093,0.075911062,0.074095649,0.074067967,0.074074238,0.074057707,0.073958792,0.074113121,0.074123311,0.073982827],[0.050681623,0.050809182,0.050881547,0.050871258,0.050926381,0.050840931,0.050844398,0.050921461,0.050927694,0.05091003],[0.055128127,0.055394666,0.055424752,0.055394465,0.055383444,0.05532248,0.055400226,0.055449719,0.055296622,0.055358187]],[[0.542630561,0.542740568,0.54230879,0.54234128,0.542357491,0.542890599,0.542467897,0.54234124,0.542381355,0.542435336],[0.556405933,0.556385545,0.57778577,0.556216889,0.556459884,0.556689275,0.556183205,0.556115088,0.556219213,0.556181843],[0.555143765,0.554950314,0.55481439,0.554835039,0.555535507,0.554938302,0.554955203,0.55452524,0.554666514,0.554839387],[0.554914463,0.555146498,0.555292923,0.555041331,0.554786203,0.554909444,0.554986318,0.555075976,0.554909113,0.555528645],[0.512153104,0.512499022,0.51216145,0.511839648,0.51228963,0.511897104,0.512035394,0.512221273,0.512073545,0.511694996],[0.555825261,0.555571666,0.55547767,0.555650644,0.555374988,0.555702551,0.555699846,0.555565194,0.555908847,0.556005928]],[[0.000201608,8.5891e-5,8.9849e-5,7.9398e-5,9.2363e-5,8.5941e-5,0.000102722,9.086e-5,8.519e-5,8.9197e-5],[0.000194535,0.00012246,9.3946e-5,9.4116e-5,8.9978e-5,8.8506e-5,9.4097e-5,8.9808e-5,8.4608e-5,9.1181e-5],[0.000194123,9.9686e-5,8.8134e-5,8.9578e-5,9.0319e-5,8.4979e-5,8.9056e-5,8.3536e-5,8.7283e-5,0.000105036],[0.000193372,0.000100077,8.6061e-5,0.000114725,8.8986e-5,8.7664e-5,8.6311e-5,9.0259e-5,8.2665e-5,8.2144e-5],[0.000194754,9.2102e-5,9.4306e-5,8.573e-5,8.9057e-5,9.5239e-5,7.6634e-5,8.9027e-5,0.000109465,9.1701e-5],[0.000180087,9.625e-5,0.000124183,8.8325e-5,8.6392e-5,8.0371e-5,8.7815e-5,7.9308e-5,7.5711e-5,9.11e-5]],[[9.3074e-5,0.00012301,9.8444e-5,9.057e-5,9.7392e-5,9.1271e-5,9.3415e-5,8.4638e-5,9.4276e-5,8.5661e-5],[9.4758e-5,9.9236e-5,0.000113663,9.7984e-5,9.074e-5,8.6773e-5,8.9888e-5,8.0601e-5,9.7022e-5,8.8216e-5],[8.9988e-5,9.3826e-5,9.2292e-5,9.118e-5,8.5069e-5,9.3174e-5,8.5069e-5,9.5038e-5,8.0781e-5,0.000113672],[9.6922e-5,8.536e-5,8.9097e-5,9.1e-5,8.7835e-5,8.4478e-5,9.1882e-5,8.7544e-5,8.6212e-5,0.000109816],[9.3145e-5,0.000124363,9.2243e-5,9.0159e-5,8.8225e-5,9.0059e-5,8.9759e-5,8.3376e-5,8.9527e-5,8.559e-5],[9.6291e-5,8.7434e-5,8.9267e-5,8.9588e-5,8.7224e-5,8.7323e-5,0.00010705,9.3394e-5,8.7033e-5,8.9037e-5]],[[0.000318516,0.000324216,0.061226749,0.000318747,0.000335739,0.001254598,0.000335207,0.000336029,0.00122373,0.000319268],[0.000325721,0.000324528,0.061702288,0.000323447,0.000329187,0.001161809,0.001075127,0.000330851,0.000329658,0.001091447],[0.000328533,0.06179878,0.000298457,0.001242249,0.001050642,0.000336338,0.000334234,0.001064839,0.000426717,0.000331949],[0.000319039,0.061432073,0.000329117,0.000310733,0.001215599,0.001108108,0.001022738,0.000470282,0.000423434,0.000418535],[0.00032541,0.00033093,0.061430178,0.000339717,0.000303127,0.001221668,0.001279497,0.000335128,0.000329176,0.001268215],[0.000312405,0.000339485,0.061440335,0.000323114,0.000325859,0.001239359,0.001203331,0.001123392,0.000340677,0.000426087]],[[0.002951363,0.002969427,0.002965669,0.002970519,0.002974757,0.002989855,0.002961993,0.002979516,0.002963115,0.002963105],[0.002960742,0.002979808,0.002968807,0.003003703,0.002988375,0.002961014,0.003021867,0.002996099,0.002980239,0.002989136],[0.002951872,0.002958475,0.002968493,0.002978893,0.002969626,0.002967652,0.002951582,0.00296648,0.002969355,0.002980896],[0.002949571,0.002980649,0.002970299,0.003002319,0.002990618,0.002988935,0.002965411,0.00294863,0.002990217,0.002973536],[0.002958332,0.00297309,0.002980814,0.002968101,0.002958612,0.002969603,0.002983199,0.002971417,0.002963141,0.002958301],[0.002952834,0.002946863,0.002983962,0.002959295,0.00297204,0.002990214,0.002974845,0.002963313,0.002977029,0.002970587]],[[0.028739132,0.02872705,0.028733311,0.02874852,0.028718834,0.028740915,0.028733612,0.028731799,0.028769249,0.028843727],[0.028816854,0.028621958,0.028720002,0.028680057,0.028741483,0.028694415,0.028682422,0.028678494,0.028859094,0.028793149],[0.028713828,0.028704451,0.028704241,0.028713779,0.028717194,0.028697548,0.02867747,0.028758071,0.028801212,0.028793728],[0.028722008,0.028688655,0.02872331,0.028717439,0.028732617,0.028640545,0.028740001,0.028735973,0.028725263,0.028775869],[0.028689164,0.028727886,0.02876209,0.028714942,0.028734649,0.028715673,0.028752863,0.028742464,0.02885808,0.028808377],[0.028747607,0.028650005,0.028675051,0.028728862,0.028687545,0.028667076,0.028683187,0.028700419,0.028856972,0.028758388]]],"workers":[6,6,6,6,6,6,6,6,6,6]}