{"nodes_per_dir":[10000,100000,1000000,10000000,100000000,200000000,10000,100000,1000000,10000000,100000000,200000000],"sparse_func":["laplacian_fdm","laplacian_fdm","laplacian_fdm","laplacian_fdm","laplacian_fdm","laplacian_fdm","laplacian_fdm","laplacian_fdm","laplacian_fdm","laplacian_fdm","laplacian_fdm","laplacian_fdm"],"nruns":[5,5,5,5,5,5,5,5,5,5,5,5],"type":["cpu","cpu","cpu","cpu","cpu","cpu","gpu","gpu","gpu","gpu","gpu","gpu"],"times":[[[9.8083e-5,5.6416e-5,4.257e-5,4.4794e-5,3.8883e-5]],[[0.000425988,0.000407814,0.000428213,0.000409727,0.000414857]],[[0.005592016,0.005550879,0.005573461,0.005566408,0.005534198]],[[0.05621996,0.05673784,0.056901818,0.056852695,0.055908517]],[[0.559123681,0.553761215,0.556588792,0.557596199,0.559611444]],[[1.142392715,1.137098137,1.120873693,1.120217563,1.111811545]],[[0.000348052,0.000109035,8.9929e-5,8.9568e-5,8.9468e-5]],[[0.000102522,0.000113793,8.7263e-5,9.1732e-5,9.4727e-5]],[[0.000253124,0.060729158,0.000299821,0.000320029,0.000824905]],[[0.002874355,0.002933836,0.002955036,0.002945187,0.002982347]],[[0.028640084,0.028721667,0.028722308,0.028728849,0.028689777]],[[0.057279736,0.057535164,0.057362681,0.365532227,0.057374333]]]}