{"nodes_per_dir":[10000,100000,1000000,10000000,100000000,10000,100000,1000000,10000000,100000000],"sparse_func":["laplacian_fdm","laplacian_fdm","laplacian_fdm","laplacian_fdm","laplacian_fdm","laplacian_fdm","laplacian_fdm","laplacian_fdm","laplacian_fdm","laplacian_fdm"],"nruns":[10,10,10,10,10,10,10,10,10,10],"type":["cpu","cpu","cpu","cpu","cpu","gpu","gpu","gpu","gpu","gpu"],"times":[[[8.553e-5,5.1196e-5,4.5114e-5,4.5114e-5,4.2459e-5,3.8553e-5,4.1688e-5,4.2129e-5,4.2069e-5,3.9504e-5]],[[0.000388568,0.000384591,0.000401423,0.000385583,0.000398297,0.000390212,0.000388569,0.000393658,0.000385693,0.000397155]],[[0.005538094,0.005527384,0.005542353,0.005513999,0.005540158,0.005516624,0.005594881,0.005543575,0.005561678,0.005583911]],[[0.055434466,0.056408403,0.056569324,0.056656298,0.056493262,0.056528548,0.056630669,0.056541642,0.056652771,0.056644445]],[[0.574723799,0.574425148,0.573168282,0.574904637,0.573472703,0.57326364,0.574238108,0.573765501,0.573888833,0.574243348]],[[0.000319308,0.000140593,9.0389e-5,8.7774e-5,8.4499e-5,8.6833e-5,7.9389e-5,8.9027e-5,7.9289e-5,8.6392e-5]],[[9.9427e-5,0.000119484,8.9357e-5,9.4577e-5,8.9077e-5,9.605e-5,9.0139e-5,8.2866e-5,8.8336e-5,8.9268e-5]],[[0.000281588,0.060931334,0.000294973,0.000328836,0.000809959,0.000317075,0.000737553,0.000322555,0.000733265,0.000325811]],[[0.002920045,0.002940975,0.002958748,0.002945864,0.002953748,0.002964509,0.002950813,0.002960301,0.00295459,0.002962655]],[[0.028688595,0.028687603,0.028685018,0.028693985,0.028673116,0.028720305,0.028706829,0.028673727,0.028663868,0.02870202]]],"workers":[1,1,1,1,1,1,1,1,1,1]}