{"nodes_per_dir":[10000,100000,1000000,10000000,100000000,10000,100000,1000000,10000000,100000000],"sparse_func":["laplacian_fdm","laplacian_fdm","laplacian_fdm","laplacian_fdm","laplacian_fdm","laplacian_fdm","laplacian_fdm","laplacian_fdm","laplacian_fdm","laplacian_fdm"],"nruns":[10,10,10,10,10,10,10,10,10,10],"type":["cpu","cpu","cpu","cpu","cpu","gpu","gpu","gpu","gpu","gpu"],"times":[[[7.4209e-5,6.2998e-5,6.5142e-5,4.3672e-5,4.79e-5,3.5546e-5,4.1738e-5,3.8592e-5,4.2429e-5,3.8973e-5],[7.8156e-5,6.6865e-5,4.7619e-5,4.5666e-5,4.277e-5,4.2931e-5,4.5676e-5,4.3392e-5,3.9444e-5,4.28e-5],[8.5911e-5,6.4501e-5,4.9212e-5,4.5184e-5,4.5354e-5,3.8321e-5,4.5315e-5,4.1658e-5,4.1889e-5,4.1828e-5]],[[0.000736599,0.000719938,0.000725528,0.000727722,0.000719377,0.000719577,0.00054509,0.000388467,0.000386203,0.000413985],[0.000503554,0.000466265,0.000491071,0.000456967,0.00048528,0.000456026,0.00048522,0.000471634,0.000473418,0.000461896],[0.000420756,0.00038045,0.000375732,0.000399807,0.000381683,0.000397231,0.000376873,0.00038009,0.000402702,0.000383906]],[[0.00561106,0.00525296,0.005257518,0.005217504,0.005221101,0.0052633,0.005244024,0.005202575,0.00532231,0.005265433],[0.005906056,0.005560929,0.005546242,0.00558278,0.005552854,0.005528678,0.005581738,0.005557703,0.005569555,0.005549017],[0.005155277,0.005121063,0.005130671,0.005132815,0.005131462,0.005117256,0.005140359,0.005159565,0.005130811,0.005153764]],[[0.053462439,0.053536037,0.053671309,0.053551946,0.053828133,0.053557818,0.053841288,0.053497614,0.053478049,0.053699964],[0.055109153,0.055153597,0.055227065,0.055201247,0.05528336,0.055219681,0.055159297,0.055248465,0.05528328,0.055215653],[0.050471962,0.05059977,0.050496747,0.050578069,0.050579552,0.050597986,0.050671593,0.050563632,0.050650534,0.050638913]],[[0.545959,0.545288777,0.546685109,0.544781808,0.545710495,0.546153675,0.546012851,0.545896974,0.545460728,0.545772321],[0.556095781,0.555337018,0.555784137,0.555628184,0.556012826,0.555701011,0.555487009,0.556172335,0.555695781,0.556058692],[0.511066964,0.51125759,0.511185676,0.51129487,0.511546489,0.511019596,0.511218177,0.511227475,0.511092412,0.510931582]],[[0.000214281,0.000105668,8.6642e-5,8.3436e-5,9.2964e-5,8.3396e-5,8.8325e-5,8.2244e-5,8.0801e-5,8.3667e-5],[0.000189105,0.000119474,8.543e-5,8.8526e-5,8.9097e-5,8.3897e-5,8.6162e-5,8.4288e-5,8.7975e-5,9.075e-5],[0.000193411,9.119e-5,9.2192e-5,0.000108332,9.0819e-5,8.9066e-5,9.3064e-5,8.3486e-5,9.2363e-5,8.553e-5]],[[9.4386e-5,9.1822e-5,9.7473e-5,0.000105778,9.0619e-5,8.4007e-5,8.8516e-5,9.2303e-5,8.9086e-5,8.3606e-5],[0.00012284,9.7263e-5,9.3275e-5,9.4738e-5,8.4238e-5,9.1782e-5,9.2974e-5,8.7985e-5,8.3988e-5,9.2253e-5],[9.5608e-5,0.000124052,9.1441e-5,9.9326e-5,9.2342e-5,9.3946e-5,8.7393e-5,8.8435e-5,8.7273e-5,9.6069e-5]],[[0.000320439,0.000322734,0.061096135,0.000321662,0.001173596,0.001130014,0.000329717,0.001229651,0.00044887,0.000338063],[0.000321904,0.060679119,0.000318427,0.001190343,0.00109286,0.000332003,0.001248321,0.000334427,0.000532288,0.00042137],[0.00032682,0.061249604,0.000328734,0.000329204,0.000324185,0.000340877,0.001122236,0.000327181,0.001099794,0.001111405]],[[0.002953026,0.002983623,0.002967894,0.002957925,0.002988191,0.002996758,0.003000836,0.003004622,0.002986098,0.003012167],[0.002973406,0.002971723,0.002962896,0.002996479,0.002969309,0.002967305,0.002973526,0.002961834,0.002987102,0.002961565],[0.002956671,0.00298815,0.00296695,0.002969735,0.002976969,0.003001205,0.003012315,0.002992989,0.002991205,0.00296122]],[[0.028738811,0.0287378,0.028706361,0.02875448,0.028780169,0.028704658,0.028787603,0.028737009,0.028853536,0.028829401],[0.028735181,0.028696048,0.028710554,0.028694514,0.02869736,0.028685128,0.028673465,0.028702489,0.028737064,0.028787139],[0.02865041,0.028718888,0.028752762,0.028685386,0.028715432,0.028752281,0.028744937,0.02866087,0.028723567,0.028836888]]],"workers":[3,3,3,3,3,3,3,3,3,3]}