{"nodes_per_dir":[10000,100000,1000000,10000000,100000000,10000,100000,1000000,10000000,100000000],"sparse_func":["laplacian_fdm","laplacian_fdm","laplacian_fdm","laplacian_fdm","laplacian_fdm","laplacian_fdm","laplacian_fdm","laplacian_fdm","laplacian_fdm","laplacian_fdm"],"nruns":[10,10,10,10,10,10,10,10,10,10],"type":["cpu","cpu","cpu","cpu","cpu","gpu","gpu","gpu","gpu","gpu"],"times":[[[3.1018e-5,4.3691e-5,1.6901e-5,1.0579e-5,1.0038e-5,1.2985e-5,1.4818e-5,9.898e-6,1.3084e-5,9.888e-6],[3.2611e-5,2.2082e-5,1.3055e-5,1.032e-5,1.3114e-5,1.3115e-5,1.0199e-5,1.036e-5,1.5739e-5,1.0018e-5],[3.0958e-5,2.4576e-5,1.032e-5,1.2964e-5,1.3054e-5,1.0089e-5,1.3155e-5,1.2854e-5,1.2864e-5,1.2784e-5],[3.8843e-5,1.9477e-5,1.4146e-5,9.388e-6,9.929e-6,1.1962e-5,1.1783e-5,8.806e-6,1.1762e-5,8.967e-6]],[[0.000108974,0.000129032,0.000107211,0.000116298,0.000113702,0.000106569,0.000106609,0.000110166,0.00010688,0.000114474],[0.000132358,0.000109966,0.000115827,0.0001063,0.00010677,0.000105998,0.000109545,0.000109795,0.000103364,0.00012787],[0.00011236,0.000110908,0.000109835,0.000109885,0.000109575,0.000107301,0.000110186,0.000130454,0.00010714,0.000112259],[0.000102102,0.000100278,0.000100398,9.9707e-5,9.4487e-5,0.000121207,0.000100288,0.000102893,9.9687e-5,9.9807e-5]],[[0.001156595,0.001140505,0.001138401,0.001129814,0.001152307,0.001123953,0.001155762,0.001141676,0.001130235,0.001149131],[0.001133886,0.00118359,0.001138155,0.001142493,0.001153202,0.001132725,0.001154676,0.001145979,0.001159103,0.001150278],[0.001194131,0.00114038,0.00113504,0.001139427,0.001138006,0.001133066,0.001128217,0.001157993,0.001167771,0.00113496],[0.001062633,0.001034991,0.001033929,0.001031794,0.001045661,0.001065448,0.001060668,0.001056341,0.001046342,0.001055179]],[[0.014172653,0.014195435,0.01423505,0.014273942,0.01428369,0.014290994,0.014330578,0.014248274,0.014254586,0.014272579],[0.013602751,0.013664457,0.013629432,0.013693892,0.013708359,0.01366077,0.01369787,0.01369774,0.01368734,0.013717106],[0.013657115,0.013731154,0.013757072,0.013779023,0.013778132,0.013766109,0.013769045,0.01380404,0.013758535,0.013770368],[0.012581632,0.012650492,0.012620034,0.012641504,0.012638378,0.012640112,0.012636645,0.012662975,0.012671341,0.012692009]],[[0.144469528,0.144412592,0.144392755,0.144305682,0.144113592,0.144428261,0.144421649,0.144231483,0.144265808,0.144449381],[0.138473501,0.138647037,0.138597043,0.138653248,0.138856068,0.138557969,0.138651144,0.138656023,0.138509157,0.138795575],[0.139194355,0.13931978,0.139218861,0.139280767,0.139204725,0.139414777,0.13925071,0.139198193,0.139135325,0.139344576],[0.127947137,0.128006267,0.128020985,0.128120212,0.127944762,0.128052554,0.128085476,0.128075537,0.128164845,0.128017929]],[[0.000197299,0.00010152,9.9075e-5,8.8505e-5,9.0319e-5,8.8866e-5,0.000117239,8.3937e-5,8.8115e-5,9.3906e-5],[0.000200366,0.000124644,9.8655e-5,8.9418e-5,9.2133e-5,8.8086e-5,9.595e-5,7.8577e-5,9.61e-5,7.8547e-5],[0.000204602,0.000102522,9.5629e-5,8.6862e-5,8.2134e-5,8.7604e-5,9.4076e-5,8.2905e-5,0.000114995,8.3837e-5],[0.000192851,9.5118e-5,8.8597e-5,9.8545e-5,9.5379e-5,0.00010675,9.3405e-5,8.9608e-5,8.7083e-5,9.0369e-5]],[[0.000118692,9.4577e-5,8.3737e-5,9.7683e-5,8.6582e-5,8.9898e-5,9.3245e-5,9.3595e-5,8.3306e-5,9.1181e-5],[0.000100068,9.558e-5,8.4268e-5,8.9859e-5,9.084e-5,8.7183e-5,9.1181e-5,9.2504e-5,8.6021e-5,8.6563e-5],[9.4256e-5,9.5889e-5,9.631e-5,8.4348e-5,8.9147e-5,8.9658e-5,9.4396e-5,0.000106649,9.11e-5,8.6362e-5],[8.9789e-5,8.8085e-5,8.6021e-5,8.3787e-5,8.556e-5,9.3805e-5,8.5059e-5,8.3536e-5,9.4087e-5,8.7384e-5]],[[0.000121127,0.000125905,0.000106059,0.000122879,0.000113442,0.000117269,0.000123591,0.000114184,0.000126437,0.000124002],[0.000145272,0.000108754,0.000118322,0.000118442,0.000118423,0.000111149,0.000129783,0.000118953,0.000116238,0.000122299],[0.000104716,0.00011734,0.000120184,0.000119524,0.000138409,0.000120696,0.000113392,0.000119163,0.00012803,0.000122198],[0.000116519,0.000118893,0.000114725,0.000119003,0.000126637,0.000145633,0.000100499,0.000109065,0.000114154,0.000125265]],[[0.061358426,0.001188645,0.001009129,0.000986136,0.000782033,0.000792493,0.000830124,0.00078588,0.000782154,0.000780401],[0.061631798,0.001257749,0.0010132,0.001003012,0.000795532,0.000784852,0.000794099,0.000792537,0.000776737,0.000788268],[0.061324889,0.001158243,0.001104142,0.001175145,0.000783033,0.000793592,0.000857592,0.000788202,0.000788282,0.000777011],[0.065046701,0.001297453,0.00147185,0.001259571,0.000801824,0.000806673,0.000802284,0.000776095,0.000775083,0.00079441]],[[0.007276307,0.00735302,0.007338543,0.007323655,0.007324136,0.007311793,0.007314879,0.00731525,0.007322864,0.007308267],[0.007346498,0.007319978,0.007323475,0.00736358,0.00727832,0.007349324,0.007347911,0.007330949,0.007262811,0.007251821],[0.007344757,0.007323678,0.007322656,0.007332615,0.007364353,0.007290666,0.007304853,0.007311825,0.007312226,0.007361077],[0.007303665,0.007298966,0.007376382,0.007291993,0.007325697,0.007357427,0.007238042,0.007297403,0.007262658,0.007207906]]],"workers":[4,4,4,4,4,4,4,4,4,4]}