{"nodes_per_dir":[10000,100000,1000000,10000000,100000000,10000,100000,1000000,10000000,100000000],"sparse_func":["laplacian_fdm","laplacian_fdm","laplacian_fdm","laplacian_fdm","laplacian_fdm","laplacian_fdm","laplacian_fdm","laplacian_fdm","laplacian_fdm","laplacian_fdm"],"nruns":[10,10,10,10,10,10,10,10,10,10],"type":["cpu","cpu","cpu","cpu","cpu","gpu","gpu","gpu","gpu","gpu"],"times":[[[3.71e-5,4.4924e-5,1.6962e-5,1.8064e-5,1.6211e-5,1.3225e-5,1.63e-5,1.6311e-5,1.6311e-5,1.3545e-5],[4.803e-5,2.638e-5,1.7463e-5,1.3476e-5,1.9076e-5,1.607e-5,1.9156e-5,1.3275e-5,1.6221e-5,1.3225e-5],[4.8611e-5,2.1731e-5,1.9586e-5,1.6321e-5,1.6431e-5,1.3245e-5,1.6641e-5,1.6561e-5,1.3295e-5,1.6541e-5]],[[0.000170338,0.000147366,0.00014427,0.000160721,0.000150542,0.000148138,0.000144621,0.000167674,0.000144531,0.000147066],[0.000168175,0.000147757,0.000150242,0.000143389,0.000151955,0.000148909,0.00014374,0.000158488,0.000147076,0.000145442],[0.000149238,0.000149649,0.000146654,0.000171561,0.000145963,0.000143278,0.000143909,0.00014468,0.000146644,0.000143488]],[[0.001657412,0.001623087,0.001632525,0.001607318,0.00162477,0.001636672,0.001595206,0.001633106,0.001587752,0.00162969],[0.001650165,0.001639756,0.001653962,0.001649173,0.001662238,0.001653,0.001661476,0.001627813,0.00167406,0.00164247],[0.001631577,0.001666592,0.001630455,0.001623943,0.001647988,0.001642637,0.00160131,0.00164395,0.00165488,0.001614976]],[[0.01909291,0.018964309,0.019011598,0.019128437,0.019107618,0.019064086,0.019135961,0.019045461,0.019040452,0.019149917],[0.018301985,0.018364481,0.018375312,0.018390481,0.018378378,0.018409837,0.018423863,0.018416039,0.01841673,0.018372637],[0.018193397,0.018243211,0.018303122,0.018276072,0.018295217,0.018358646,0.018336325,0.018293986,0.018316167,0.018266104]],[[0.195683379,0.196184777,0.195179216,0.195977269,0.195846224,0.195772596,0.196160763,0.195735597,0.196265409,0.19618094],[0.248986573,0.248340391,0.248731525,0.248649411,0.248413508,0.2481958,0.248260151,0.236776063,0.203591266,0.184059455],[0.183615056,0.183539274,0.183663516,0.183577094,0.18359071,0.18351075,0.184258236,0.183581944,0.183664648,0.183533583]],[[0.000201286,9.9356e-5,8.4478e-5,0.000114645,8.3276e-5,8.2384e-5,9.1892e-5,8.8576e-5,8.0972e-5,8.8295e-5],[0.000190237,0.000102413,9.7423e-5,8.6863e-5,9.2193e-5,0.000108002,9.1752e-5,9.3526e-5,8.4599e-5,8.8737e-5],[0.000236191,9.7742e-5,9.0388e-5,8.581e-5,8.0681e-5,9.091e-5,8.3315e-5,8.5589e-5,8.8565e-5,8.601e-5]],[[8.7764e-5,8.8746e-5,0.000109775,8.9538e-5,8.8736e-5,8.2916e-5,8.2384e-5,8.8476e-5,8.3035e-5,8.3255e-5],[9.1401e-5,9.6401e-5,8.6943e-5,9.4397e-5,7.8878e-5,9.1782e-5,9.5239e-5,8.3797e-5,8.9197e-5,0.000109526],[8.6161e-5,8.2734e-5,7.8506e-5,8.3987e-5,8.517e-5,8.4397e-5,9.1831e-5,8.4467e-5,8.2935e-5,0.000105196]],[[0.000136735,0.00013881,0.000172944,0.000141905,0.00013374,0.000141686,0.00013901,0.000128962,0.000143238,0.000161723],[0.00013331,0.000133931,0.000146314,0.00012806,0.000160491,0.000134352,0.000141275,0.000139852,0.000138209,0.000140333],[0.000166672,0.000115295,0.000147766,0.000129672,0.000136004,0.00014489,0.000131996,0.000136254,0.000150671,0.000139842]],[[0.061024781,0.001168226,0.001196559,0.001047721,0.001028825,0.001024437,0.001039025,0.001028495,0.001043984,0.001034456],[0.061238129,0.001244264,0.001039369,0.001028238,0.001024291,0.001031715,0.00106662,0.001032206,0.001045591,0.001027547],[0.061192382,0.001102309,0.001032679,0.001061102,0.001039221,0.001020296,0.001029713,0.00103365,0.0010331,0.001053678]],[[0.009741961,0.009711935,0.009766647,0.009754104,0.00969319,0.009730609,0.009734336,0.009740308,0.009683943,0.009649098],[0.009742792,0.00976315,0.009675416,0.009636894,0.009616656,0.009642845,0.009631453,0.009620212,0.009619551,0.009592981],[0.009748867,0.009755189,0.0097341,0.009743166,0.009788491,0.00973971,0.009747054,0.009731074,0.009801425,0.009749468]]],"workers":[3,3,3,3,3,3,3,3,3,3]}