{"nodes_per_dir":[10000,100000,1000000,10000000,100000000,10000,100000,1000000,10000000,100000000],"sparse_func":["laplacian_fdm","laplacian_fdm","laplacian_fdm","laplacian_fdm","laplacian_fdm","laplacian_fdm","laplacian_fdm","laplacian_fdm","laplacian_fdm","laplacian_fdm"],"nruns":[10,10,10,10,10,10,10,10,10,10],"type":["cpu","cpu","cpu","cpu","cpu","gpu","gpu","gpu","gpu","gpu"],"times":[[[8.2715e-5,6.5833e-5,4.6507e-5,4.0586e-5,4.8812e-5,3.9364e-5,4.5515e-5,3.9314e-5,4.8531e-5,3.9454e-5],[8.7103e-5,9.4949e-5,4.3903e-5,4.6938e-5,4.3281e-5,4.6256e-5,4.292e-5,3.9715e-5,4.281e-5,4.6047e-5],[0.000103984,6.7196e-5,4.9062e-5,4.5445e-5,5.1646e-5,3.9945e-5,4.7028e-5,4.5785e-5,6.9069e-5,4.3181e-5],[7.4099e-5,7.0352e-5,4.2279e-5,4.1658e-5,4.1488e-5,3.5076e-5,4.5094e-5,3.5567e-5,4.4523e-5,3.5416e-5]],[[0.000445935,0.000428222,0.000448369,0.000424785,0.000448379,0.000426267,0.000440965,0.000420487,0.000439432,0.00043271],[0.00046384,0.000433743,0.000454693,0.000436248,0.000437751,0.000443302,0.0004264,0.000452399,0.000433784,0.000456476],[0.000481409,0.000434973,0.000442636,0.000428851,0.00045012,0.000432337,0.000427699,0.000436205,0.000429352,0.000450551],[0.000412273,0.000418865,0.000406181,0.000418254,0.00038897,0.000392586,0.000414608,0.000392987,0.000413204,0.000395933]],[[0.006591845,0.005603897,0.005625968,0.005598437,0.005626921,0.005628804,0.005610229,0.005607564,0.005591383,0.005617953],[0.006202282,0.005738823,0.005713635,0.005737921,0.005757197,0.005724647,0.005742189,0.005759983,0.005766184,0.005730036],[0.006550011,0.005410754,0.005410864,0.005423317,0.005412497,0.00545159,0.00538722,0.005412787,0.005425872,0.005418358],[0.005479865,0.005201774,0.005230959,0.005239995,0.005229156,0.005215089,0.005216322,0.00525305,0.005227923,0.005218225]],[[0.057674251,0.05776444,0.057852545,0.057813672,0.05789253,0.057731779,0.057767956,0.057883142,0.057685412,0.057926212],[0.055116547,0.055206847,0.055154558,0.055284763,0.055280495,0.055265387,0.055258193,0.055232525,0.055290403,0.05514971],[0.055029799,0.05518544,0.055141679,0.055161906,0.055191692,0.055149914,0.055162187,0.055148081,0.055140246,0.055205547],[0.050726168,0.050750855,0.050673189,0.050834391,0.050760352,0.050897149,0.057383431,0.08339196,0.051872558,0.050845252]],[[0.579010392,0.578765213,0.578746889,0.578772637,0.57904694,0.578589525,0.578677189,0.578716212,0.579453341,0.578478447],[0.557319897,0.556986391,0.557212375,0.557474788,0.557486831,0.557124952,0.556985811,0.557117688,0.557631853,0.557363529],[0.556348155,0.556580639,0.556079963,0.556113877,0.555683193,0.555985457,0.556278895,0.556180211,0.55608881,0.556086947],[0.512993416,0.597122178,0.512833546,0.556681506,0.731935339,0.513698258,0.513081782,0.785749587,0.837221965,0.809385949]],[[0.0001867,0.000118412,9.1341e-5,8.7875e-5,9.08e-5,8.6592e-5,8.9528e-5,8.033e-5,8.8645e-5,8.2875e-5],[0.000175088,0.000108594,0.00010671,9.4057e-5,8.5921e-5,8.9087e-5,7.963e-5,9.0089e-5,8.7785e-5,8.8126e-5],[0.000178784,9.7772e-5,0.000107981,9.1271e-5,7.9158e-5,8.6882e-5,7.6493e-5,8.2895e-5,8.1402e-5,7.3247e-5],[0.000183755,9.9998e-5,0.000113873,9.3786e-5,8.8205e-5,8.7745e-5,8.0742e-5,9.05e-5,8.9167e-5,8.2735e-5]],[[9.9526e-5,0.000120756,9.1822e-5,9.2994e-5,8.6592e-5,9.1481e-5,8.7865e-5,9.4607e-5,8.1623e-5,9.0069e-5],[0.000119173,9.616e-5,8.7344e-5,9.5188e-5,8.8416e-5,8.7905e-5,8.8576e-5,8.6111e-5,8.6793e-5,8.9127e-5],[9.107e-5,8.609e-5,9.1982e-5,0.000119463,8.9707e-5,8.4417e-5,9.4626e-5,8.3706e-5,9.1181e-5,9.0369e-5],[0.000114485,8.4769e-5,9.2193e-5,8.7113e-5,8.9387e-5,8.7304e-5,8.3957e-5,9.1562e-5,8.7013e-5,9.1882e-5]],[[0.000319138,0.000335478,0.061522613,0.000316001,0.000329707,0.001274044,0.000328475,0.00033675,0.001252184,0.000333835],[0.000315932,0.064351126,0.000315752,0.00135436,0.000331892,0.000329168,0.001092248,0.001194911,0.000433173,0.000338265],[0.000324085,0.061788029,0.000322492,0.000329174,0.00124783,0.000331008,0.001238242,0.000330658,0.00113531,0.00033732],[0.000326483,0.000323307,0.06148409,0.000334497,0.000328436,0.001208947,0.00032518,0.000334968,0.00124261,0.000328276]],[[0.002982301,0.002985096,0.002991498,0.002996076,0.003008841,0.002998942,0.003005354,0.002997609,0.003021835,0.003006396],[0.002951766,0.002967625,0.002982673,0.002993684,0.002968888,0.002959471,0.002964881,0.002962506,0.002979097,0.002972575],[0.002952243,0.002995263,0.002973272,0.002962512,0.002970086,0.002971809,0.002961159,0.002985815,0.00297209,0.002984673],[0.002973075,0.002956364,0.002986741,0.002957065,0.002962495,0.002982803,0.002988504,0.002953498,0.002965931,0.002988013]],[[0.028751075,0.028743781,0.028731648,0.028734383,0.028708615,0.028713234,0.028694359,0.028704407,0.028802921,0.028841343],[0.028893538,0.02869718,0.028737766,0.028741924,0.028648568,0.028720553,0.028677723,0.028687001,0.028860366,0.028835139],[0.028761899,0.028729248,0.028742512,0.028785232,0.02868787,0.028712947,0.028708639,0.028709351,0.028901649,0.02874706],[0.028811876,0.028759307,0.028699846,0.028681041,0.028721276,0.028716256,0.028662055,0.028755871,0.02875007,0.028822105]]],"workers":[4,4,4,4,4,4,4,4,4,4]}