{"nodes_per_dir":[10000,100000,1000000,10000000,100000000,200000000,10000,100000,1000000,10000000,100000000,200000000],"sparse_func":["laplacian_fdm","laplacian_fdm","laplacian_fdm","laplacian_fdm","laplacian_fdm","laplacian_fdm","laplacian_fdm","laplacian_fdm","laplacian_fdm","laplacian_fdm","laplacian_fdm","laplacian_fdm"],"nruns":[5,5,5,5,5,5,5,5,5,5,5,5],"type":["cpu","cpu","cpu","cpu","cpu","cpu","gpu","gpu","gpu","gpu","gpu","gpu"],"times":[[[0.000109044,5.7438e-5,5.1466e-5,3.5296e-5,4.4794e-5],[7.6283e-5,7.1624e-5,4.7619e-5,4.9262e-5,7.1053e-5],[8.1583e-5,6.3859e-5,4.6718e-5,3.8943e-5,4.4584e-5],[8.4478e-5,7.1343e-5,4.7058e-5,4.3341e-5,4.313e-5],[8.6182e-5,7.7655e-5,4.9072e-5,4.9412e-5,4.262e-5],[8.1583e-5,6.7937e-5,5.0354e-5,4.9283e-5,4.6357e-5]],[[0.000397856,0.000416651,0.000395592,0.000407244,0.000381405],[0.000472224,0.000434934,0.000449442,0.000441967,0.000439844],[0.000432962,0.000398938,0.000403977,0.0003842,0.000387046],[0.000449589,0.000455511,0.000431566,0.000451854,0.000433851],[0.000450262,0.000448449,0.000418322,0.000423372,0.000444972],[0.000444954,0.000452148,0.000436768,0.000439894,0.000418615]],[[0.006061412,0.005204815,0.005243328,0.005183835,0.005232066],[0.006076171,0.005547342,0.005559063,0.005569773,0.005584981],[0.005476481,0.005038068,0.005055391,0.00505498,0.005085027],[0.006638606,0.005588365,0.005617188,0.00559121,0.005621256],[0.005768351,0.005455446,0.005440848,0.005421933,0.005462519],[0.005732066,0.005426053,0.005410653,0.005436041,0.005421513]],[[0.053424983,0.053494764,0.053495807,0.053350463,0.053590203],[0.055697853,0.055575063,0.055688725,0.055786418,0.055699034],[0.067659058,0.067911792,0.067354667,0.064359379,0.06145877],[0.054956697,0.0551667,0.055124721,0.055180976,0.055095787],[0.055288829,0.055273451,0.055365443,0.055354813,0.0553375],[0.083192791,0.055453077,0.055344524,0.055441105,0.055969305]],[[0.543410981,0.54276019,0.54240875,0.545993967,0.542020462],[0.56093144,0.560336607,0.560791167,0.560484333,0.560513878],[0.511383049,0.510236368,0.510984701,0.510262528,0.510493841],[0.555333978,0.555696375,0.555947503,0.555550583,0.555525737],[0.557190792,0.557579239,0.556754155,0.557432725,0.557557388],[0.558225631,0.558964055,0.558770221,0.560658302,0.558140722]],[[1.092550699,1.089135962,1.088229712,1.087720137,1.087102718],[1.119817582,1.119549792,1.119572664,1.119749766,1.119721283],[1.019592346,1.019591194,1.01842666,1.019080105,1.018436137],[1.104440829,1.106436895,1.104433786,1.104423988,1.10472573],[1.115093196,1.114065853,1.11423499,1.114275956,1.114441005],[1.110808413,1.110461874,1.109720844,1.110571459,1.109934455]],[[0.000192391,8.7103e-5,7.9719e-5,8.3246e-5,8.1513e-5],[0.000201607,9.2954e-5,9.4737e-5,0.000112981,9.051e-5],[0.000189917,9.4868e-5,8.5891e-5,0.000113853,8.3517e-5],[0.000200094,8.6782e-5,9.4988e-5,8.9818e-5,9.1861e-5],[0.000174326,0.000101089,8.9608e-5,0.000114845,7.5832e-5],[0.000183494,0.00010132,8.3206e-5,8.3175e-5,8.4919e-5]],[[0.000109365,8.4458e-5,8.3156e-5,7.8407e-5,8.8316e-5],[0.000102112,9.055e-5,9.3174e-5,8.9788e-5,0.000113332],[9.3245e-5,0.000111058,8.6493e-5,8.3326e-5,8.8546e-5],[0.000104906,9.5167e-5,0.000100858,8.6932e-5,9.3094e-5],[0.000103033,8.8165e-5,8.8996e-5,7.9779e-5,8.5399e-5],[0.000100117,8.2114e-5,0.0001224,8.2134e-5,8.0541e-5]],[[0.000254217,0.000334157,0.061090545,0.000314541,0.001241158],[0.000251381,0.000341889,0.061690487,0.000332583,0.000322374],[0.000246462,0.000323707,0.060252628,0.000326782,0.000331982],[0.00023591,0.000318094,0.061586465,0.000320568,0.000323534],[0.000253404,0.000323465,0.061364375,0.000322884,0.000332452],[0.000246482,0.061056001,0.000311334,0.000327614,0.000334417]],[[0.002890332,0.002963149,0.002957027,0.002978929,0.002985401],[0.002893435,0.002994734,0.0030028,0.003005104,0.002981058],[0.002884951,0.002962616,0.002976352,0.002982263,0.002957978],[0.002881531,0.002984653,0.002990774,0.002976958,0.002963313],[0.002887211,0.002993239,0.002978151,0.002970047,0.003001675],[0.002882443,0.003005264,0.002992209,0.002990326,0.00298727]],[[0.028730342,0.028756722,0.028754739,0.028682954,0.028758936],[0.028739553,0.028770631,0.028709907,0.028752627,0.028729303],[0.028639302,0.028728399,0.028641657,0.028656785,0.028730753],[0.02866874,0.028690101,0.028682005,0.028711621,0.028706231],[0.028775571,0.028848657,0.028894994,0.028839651,0.028846984],[0.028843753,0.028746831,0.028749847,0.02876186,0.028741241]],[[0.057488517,0.057349697,0.057385224,0.057386055,0.057454643],[0.057434713,0.057421348,0.057447586,0.057369561,0.057519752],[0.057322957,0.0572763,0.057335211,0.057296838,0.057417865],[0.057436758,0.05759328,0.057343393,0.36012545,0.057404347],[0.057351689,0.057324297,0.057305062,0.05735773,0.057457216],[0.057484736,0.05764197,0.057381523,0.36298253,0.057460481]]]}