{"nodes_per_dir":[10000,100000,1000000,10000000,100000000,10000,100000,1000000,10000000,100000000],"sparse_func":["laplacian_fdm","laplacian_fdm","laplacian_fdm","laplacian_fdm","laplacian_fdm","laplacian_fdm","laplacian_fdm","laplacian_fdm","laplacian_fdm","laplacian_fdm"],"nruns":[10,10,10,10,10,10,10,10,10,10],"type":["cpu","cpu","cpu","cpu","cpu","gpu","gpu","gpu","gpu","gpu"],"times":[[[0.000103223,9.9537e-5,5.0625e-5,4.6808e-5,4.3953e-5,4.1037e-5,5.0585e-5,4.0677e-5,4.7179e-5,4.1728e-5],[9.2283e-5,6.5382e-5,5.2879e-5,7.2025e-5,4.4683e-5,5.0885e-5,4.0406e-5,4.795e-5,3.9855e-5,4.4022e-5]],[[0.0005388,0.000451918,0.000438442,0.000430287,0.000490991,0.000428764,0.000444723,0.000425658,0.000424275,0.000434475],[0.000456746,0.000473617,0.000450093,0.000465842,0.000438451,0.000479648,0.000429264,0.000441928,0.000456255,0.000442399]],[[0.006243637,0.005696292,0.005709837,0.005698906,0.005731818,0.005769108,0.005711039,0.005790048,0.005523938,0.005713073],[0.006657021,0.005916924,0.005888611,0.005905793,0.005905302,0.005896986,0.005890995,0.005898459,0.005884192,0.005915902]],[[0.057763704,0.057938652,0.057876495,0.05778296,0.057729901,0.057934885,0.057929415,0.057742063,0.057978127,0.057933793],[0.056239752,0.056176133,0.055793996,0.056200658,0.055926103,0.055968694,0.056048774,0.056645171,0.056254149,0.055941953]],[[0.58521476,0.585310229,0.585273781,0.584737515,0.584774876,0.584339288,0.583633215,0.584852862,0.584436902,0.584809761],[0.56734855,0.569597383,0.567463415,0.566172257,0.564814283,0.568744043,0.56991103,0.567191776,0.565425517,0.566826542]],[[0.000188915,0.000104857,9.5358e-5,0.000113533,0.0001011,8.8696e-5,8.7584e-5,8.6983e-5,0.00010142,8.3406e-5],[0.000194594,9.2313e-5,9.8434e-5,0.000114304,9.1712e-5,7.9218e-5,9.5458e-5,8.6682e-5,8.7794e-5,8.3827e-5]],[[0.00010142,9.6161e-5,9.7964e-5,9.0751e-5,9.7663e-5,8.4719e-5,9.4858e-5,9.065e-5,9.3125e-5,0.000113573],[9.3225e-5,9.2213e-5,0.000118462,9.7072e-5,9.4156e-5,9.5178e-5,9.048e-5,9.2774e-5,9.3575e-5,8.9638e-5]],[[0.000327144,0.06168709,0.000324979,0.00082121,0.00031505,0.000336972,0.000334828,0.000740649,0.000301205,0.000761548],[0.000345868,0.060421254,0.000325479,0.000332002,0.00073654,0.000324528,0.000329797,0.000700773,0.000312295,0.000696244]],[[0.002955301,0.002993563,0.002980509,0.002982141,0.002921408,0.002963547,0.00295988,0.002960792,0.0029861,0.002953528],[0.002954374,0.002958262,0.002974372,0.00296772,0.002972138,0.002965786,0.002937653,0.002976135,0.002953203,0.002954905]],[[0.028670501,0.028658659,0.028724041,0.02872358,0.028698313,0.02866466,0.028740823,0.028697631,0.028720174,0.028710545],[0.028703829,0.028710352,0.028740849,0.028726572,0.028718718,0.028724418,0.028755878,0.028725591,0.028740949,0.028697698]]],"workers":[2,2,2,2,2,2,2,2,2,2]}