{"nodes_per_dir":[10000,100000,1000000,10000000,100000000,10000,100000,1000000,10000000,100000000],"sparse_func":["laplacian_fdm","laplacian_fdm","laplacian_fdm","laplacian_fdm","laplacian_fdm","laplacian_fdm","laplacian_fdm","laplacian_fdm","laplacian_fdm","laplacian_fdm"],"nruns":[10,10,10,10,10,10,10,10,10,10],"type":["cpu","cpu","cpu","cpu","cpu","gpu","gpu","gpu","gpu","gpu"],"times":[[[7.2476e-5,5.5584e-5,2.0168e-5,2.677e-5,2.2732e-5,2.8233e-5,2.4275e-5,1.9827e-5,2.2752e-5,1.9988e-5],[6.0152e-5,4.0385e-5,2.0228e-5,2.5868e-5,2.3203e-5,1.9988e-5,1.9997e-5,2.3033e-5,2.3013e-5,2.2853e-5]],[[0.000224181,0.000228589,0.000221335,0.00021911,0.000238026,0.000220133,0.000246783,0.000221666,0.000225232,0.000220093],[0.000246812,0.000234238,0.000225432,0.000222597,0.00024045,0.000225582,0.000220634,0.000218429,0.000248676,0.000228538]],[[0.002942598,0.003221911,0.002767941,0.002738335,0.002755326,0.002747482,0.002714581,0.00271992,0.002764534,0.002756359],[0.003197219,0.002673037,0.002719665,0.002688787,0.002646307,0.002633483,0.002714866,0.002662778,0.002622172,0.002682916]],[[0.029260418,0.02906467,0.0293739,0.029374641,0.02925631,0.02938972,0.028798221,0.029297336,0.029334286,0.029495328],[0.027760326,0.027816511,0.02787486,0.027658114,0.027993784,0.027832771,0.027710222,0.02781037,0.02780492,0.027870743]],[[0.294329789,0.293393292,0.294612288,0.29386614,0.294258856,0.295271305,0.294209864,0.293319865,0.293371021,0.293636048],[0.283199425,0.282946721,0.282619999,0.282110375,0.281537842,0.281544043,0.281476557,0.281188738,0.282899633,0.28221513]],[[0.000192141,0.000113513,0.000112942,9.4878e-5,9.2824e-5,8.6402e-5,9.4286e-5,8.2154e-5,9.1712e-5,9.0079e-5],[0.000189846,0.000109786,9.2223e-5,9.4678e-5,0.00010118,0.000110417,0.000103143,8.6482e-5,8.9037e-5,8.8386e-5]],[[9.2564e-5,9.2924e-5,9.092e-5,8.9779e-5,0.000116178,9.4698e-5,8.4178e-5,8.9528e-5,9.1001e-5,8.5841e-5],[9.1972e-5,9.2033e-5,0.00012278,9.4557e-5,9.9867e-5,0.00010646,9.1481e-5,9.7542e-5,8.8345e-5,9.062e-5]],[[0.000176952,0.000205966,0.000180719,0.00018673,0.000189926,0.000192231,0.000207269,0.000174367,0.000173005,0.000189565],[0.000183734,0.000183183,0.000185267,0.000197099,0.000190126,0.000183504,0.000181741,0.000187011,0.000204523,0.000169517]],[[0.061530158,0.001470047,0.001508839,0.001516945,0.001518137,0.001511304,0.001508839,0.001572539,0.001493641,0.001502848],[0.060856799,0.001475594,0.001507444,0.00151047,0.001507725,0.0015322,0.001492997,0.001559241,0.00150504,0.001517222]],[[0.014402267,0.014462569,0.014438674,0.014424928,0.014439696,0.014436741,0.014453001,0.014405061,0.014453542,0.014430389],[0.014539098,0.014558624,0.014568433,0.014559176,0.014463486,0.014407802,0.014395057,0.014406339,0.014386392,0.014409805]]],"workers":[2,2,2,2,2,2,2,2,2,2]}