{"nodes_per_dir":[10000,100000,1000000,10000000,100000000,200000000,10000,100000,1000000,10000000,100000000,200000000],"sparse_func":["laplacian_fdm","laplacian_fdm","laplacian_fdm","laplacian_fdm","laplacian_fdm","laplacian_fdm","laplacian_fdm","laplacian_fdm","laplacian_fdm","laplacian_fdm","laplacian_fdm","laplacian_fdm"],"nruns":[5,5,5,5,5,5,5,5,5,5,5,5],"type":["cpu","cpu","cpu","cpu","cpu","cpu","gpu","gpu","gpu","gpu","gpu","gpu"],"times":[[[8.3987e-5,5.7217e-5,3.9394e-5,4.4744e-5,3.5947e-5],[7.1504e-5,6.9841e-5,4.277e-5,4.78e-5,3.8953e-5],[9.0029e-5,9.9817e-5,4.6537e-5,4.6337e-5,4.3462e-5]],[[0.00039544,0.000403876,0.00038967,0.000407232,0.000380612],[0.000404468,0.000407294,0.000386084,0.00040546,0.000388459],[0.000466083,0.000434303,0.000449371,0.000431147,0.000431147]],[[0.005975272,0.005275393,0.005299828,0.005217203,0.005241739],[0.005717945,0.005218588,0.005188752,0.005182601,0.005159748],[0.005841313,0.005522406,0.005522385,0.005495105,0.005495715]],[[0.053791346,0.05359583,0.053639591,0.053623532,0.053899738],[0.067973374,0.067901228,0.067957204,0.067967593,0.067905567],[0.055489181,0.055476747,0.055497767,0.05540349,0.055442152]],[[0.549271662,0.549826421,0.549207602,0.551875716,0.549230325],[0.512448791,0.511827566,0.512234699,0.512787245,0.512087824],[0.559032037,0.558817806,0.558565624,0.55928435,0.559010016]],[[1.091955697,1.094343786,1.091430264,1.092567191,1.091725576],[1.023716777,1.023422175,1.021964009,1.021751781,1.022837538],[1.115696829,1.115961716,1.115485805,1.115650463,1.116084877]],[[0.000194124,9.2102e-5,8.2174e-5,0.0001123,9.3295e-5],[0.000194405,0.00013852,8.3617e-5,8.8566e-5,8.2905e-5],[0.000185798,0.000102332,8.503e-5,8.1402e-5,9.1992e-5]],[[9.9927e-5,0.000113883,9.4417e-5,8.4057e-5,9.608e-5],[0.000104777,0.000130425,9.6251e-5,8.6072e-5,8.8065e-5],[0.000106389,8.6292e-5,8.4227e-5,7.8156e-5,8.4107e-5]],[[0.000251782,0.060994275,0.000317695,0.000326572,0.000331781],[0.000275036,0.000336271,0.061187556,0.000325751,0.001141992],[0.000238677,0.061647619,0.000299121,0.000321933,0.001130187]],[[0.002891061,0.002948769,0.002996187,0.002969267,0.002963055],[0.002882747,0.002950434,0.002967456,0.002984749,0.002997893],[0.002882149,0.003001222,0.002977868,0.002976396,0.002965305]],[[0.028912437,0.028710499,0.028688579,0.028787313,0.028694198],[0.028984595,0.029027024,0.029075816,0.02906199,0.028893544],[0.028680309,0.028765438,0.0287023,0.028720745,0.028745361]],[[0.057409908,0.057364032,0.057409397,0.057380242,0.057597669],[0.057433114,0.05736147,0.05730815,0.057342354,0.057329199],[0.057452259,0.057373693,0.057453301,0.057396876,0.057439616]]]}