{"nodes_per_dir":[10000,100000,1000000,10000000,100000000,200000000,10000,100000,1000000,10000000,100000000,200000000],"sparse_func":["laplacian_fdm","laplacian_fdm","laplacian_fdm","laplacian_fdm","laplacian_fdm","laplacian_fdm","laplacian_fdm","laplacian_fdm","laplacian_fdm","laplacian_fdm","laplacian_fdm","laplacian_fdm"],"nruns":[5,5,5,5,5,5,5,5,5,5,5,5],"type":["cpu","cpu","cpu","cpu","cpu","cpu","gpu","gpu","gpu","gpu","gpu","gpu"],"times":[[[8.6051e-5,7.0613e-5,4.9623e-5,4.6167e-5,4.3812e-5],[7.9419e-5,8.019e-5,5.1737e-5,4.5736e-5,4.5585e-5]],[[0.000422721,0.000389198,0.00037956,0.000402413,0.000385882],[0.000455505,0.000425558,0.000452229,0.00043192,0.000439354]],[[0.005908999,0.005668408,0.0056324,0.005670903,0.005684729],[0.005654977,0.00557651,0.005583874,0.005641011,0.005612738]],[[0.056414625,0.055554566,0.056322512,0.057098895,0.056500706],[0.056512467,0.05675951,0.056444369,0.056639726,0.056478002]],[[0.567318546,0.561196429,0.559252821,0.563065056,0.564468372],[0.572046926,0.571561846,0.57247558,0.571417234,0.571001304]],[[1.121413404,1.10996523,1.121145873,1.096852792,1.114272411],[1.144352366,1.14338945,1.142911453,1.142665653,1.143804849]],[[0.000206597,0.000101259,8.7524e-5,9.082e-5,9.047e-5],[0.000197079,0.000113543,9.6641e-5,8.7885e-5,9.7814e-5]],[[0.000103213,9.4887e-5,0.000133039,0.000104946,8.6041e-5],[0.000108944,8.3908e-5,0.00010149,0.000104306,9.3165e-5]],[[0.000245439,0.061879292,0.00031519,0.000334917,0.000852635],[0.00027682,0.061046582,0.00032532,0.000846037,0.00032514]],[[0.002882704,0.002985898,0.002941846,0.002979907,0.00296601],[0.002890261,0.002960653,0.002972245,0.002956055,0.002950695]],[[0.028619639,0.028696594,0.028740476,0.028720388,0.028691353],[0.02859809,0.02864572,0.028670376,0.028696344,0.028672068]],[[0.057374151,0.057363801,0.057367388,0.057357109,0.057445975],[0.057242987,0.057289355,0.057275509,0.057322266,0.05735618]]]}