{"nodes_per_dir":[10000,100000,1000000,10000000,100000000,200000000,10000,100000,1000000,10000000,100000000,200000000],"sparse_func":["laplacian_fdm","laplacian_fdm","laplacian_fdm","laplacian_fdm","laplacian_fdm","laplacian_fdm","laplacian_fdm","laplacian_fdm","laplacian_fdm","laplacian_fdm","laplacian_fdm","laplacian_fdm"],"nruns":[5,5,5,5,5,5,5,5,5,5,5,5],"type":["cpu","cpu","cpu","cpu","cpu","cpu","gpu","gpu","gpu","gpu","gpu","gpu"],"times":[[[0.000109445,6.2137e-5,4.232e-5,4.4824e-5,4.1738e-5]],[[0.000413746,0.000390022,0.000402354,0.000401042,0.000388039]],[[0.005714892,0.005736232,0.005760668,0.005782489,0.005795524]],[[0.057024951,0.057174541,0.057101254,0.057094651,0.057046611]],[[0.56061602,0.558019248,0.551264705,0.554396621,0.559801181]],[[1.16109571,1.161104476,1.161337423,1.160103198,1.162446324]],[[0.000344457,0.000119224,9.3927e-5,9.2774e-5,8.531e-5]],[[0.000139402,9.9126e-5,9.5319e-5,9.9566e-5,9.0299e-5]],[[0.000253275,0.000321172,0.063424654,0.000320522,0.000300915]],[[0.002874964,0.002948261,0.002964132,0.002952049,0.002952971]],[[0.028643138,0.02873426,0.028724081,0.028710134,0.028749087]],[[0.057439344,0.057396273,0.057411352,0.057413736,0.057480482]]]}