{"nodes_per_dir":[10000,100000,1000000,10000000,100000000,200000000,10000,100000,1000000,10000000,100000000,200000000],"sparse_func":["laplacian_fdm","laplacian_fdm","laplacian_fdm","laplacian_fdm","laplacian_fdm","laplacian_fdm","laplacian_fdm","laplacian_fdm","laplacian_fdm","laplacian_fdm","laplacian_fdm","laplacian_fdm"],"nruns":[5,5,5,5,5,5,5,5,5,5,5,5],"type":["cpu","cpu","cpu","cpu","cpu","cpu","gpu","gpu","gpu","gpu","gpu","gpu"],"times":[[[3.6388e-5,1.9978e-5,2.156e-5,1.2122e-5,1.4828e-5],[3.5416e-5,2.3815e-5,1.8464e-5,1.2062e-5,1.1762e-5],[3.1759e-5,2.644e-5,1.5068e-5,1.3465e-5,1.7683e-5]],[[0.000133249,0.0001551,0.000145462,0.000130975,0.000131055],[0.000150091,0.000134382,0.000129733,0.000132779,0.000129944],[0.000134222,0.000135674,0.000132679,0.000134743,0.000126948]],[[0.001505849,0.001481863,0.001487915,0.001454001,0.00150668],[0.001479235,0.001463225,0.001480337,0.001454638,0.001459137],[0.001464474,0.001519437,0.001432825,0.001485814,0.001487396]],[[0.017881004,0.017915207,0.017864873,0.017963798,0.0179702],[0.02230606,0.022277566,0.022346996,0.022345634,0.022315668],[0.016851869,0.016862088,0.016895581,0.016982754,0.016916209]],[[0.181183609,0.182157982,0.18123744,0.181276663,0.181725734],[0.169007969,0.168719008,0.168718878,0.168862708,0.16874116],[0.169748542,0.169504455,0.169470772,0.16960862,0.169613088]],[[0.361634296,0.361277418,0.36244876,0.360873872,0.361467083],[0.33734442,0.33762122,0.337484734,0.337295539,0.337526923],[0.338574459,0.338405753,0.338880905,0.33913993,0.338741934]],[[0.000227125,0.0001119,0.000102051,8.1302e-5,9.6781e-5],[0.000211026,0.000100619,9.4638e-5,9.2553e-5,9.1541e-5],[0.000223899,0.000105258,9.0349e-5,9.075e-5,9.1161e-5]],[[9.3465e-5,0.000100238,8.6231e-5,0.000109856,9.1922e-5],[0.000129112,8.4929e-5,9.2253e-5,8.6111e-5,8.8426e-5],[0.000120886,9.2934e-5,8.8025e-5,9.4357e-5,8.4699e-5]],[[0.000104135,0.000140613,0.000146735,0.000134602,0.000141164],[0.000131607,0.000129473,0.000144862,0.000240621,0.00013829],[9.0149e-5,0.000143038,0.000142817,0.000144601,0.000130805]],[[0.066245776,0.001369062,0.00117041,0.001240642,0.001045908],[0.061830767,0.0010401,0.00107689,0.001211763,0.001030853],[0.061811462,0.0011361,0.001110702,0.001024431,0.001026354]],[[0.009701857,0.00972504,0.009761438,0.009766277,0.009703991],[0.009722176,0.00971372,0.009755559,0.009753234,0.009758574],[0.009665921,0.009771179,0.009751622,0.009749348,0.009731765]],[[0.019103121,0.019191266,0.019210231,0.019211012,0.019158445],[0.019180527,0.019184164,0.019188662,0.019130093,0.019146534],[0.019124687,0.019182395,0.019179349,0.019208213,0.019165644]]]}