{"nodes_per_dir":[10000,100000,1000000,10000000,100000000,200000000,10000,100000,1000000,10000000,100000000,200000000],"sparse_func":["laplacian_fdm","laplacian_fdm","laplacian_fdm","laplacian_fdm","laplacian_fdm","laplacian_fdm","laplacian_fdm","laplacian_fdm","laplacian_fdm","laplacian_fdm","laplacian_fdm","laplacian_fdm"],"nruns":[5,5,5,5,5,5,5,5,5,5,5,5],"type":["cpu","cpu","cpu","cpu","cpu","cpu","gpu","gpu","gpu","gpu","gpu","gpu"],"times":[[[2.6089e-5,2.1811e-5,1.2273e-5,9.198e-6,3.6829e-5],[3.201e-5,1.5469e-5,1.4207e-5,1.031e-5,9.859e-6],[2.6679e-5,1.6751e-5,1.3405e-5,1.3164e-5,1.024e-5],[3.6268e-5,2.0739e-5,1.3224e-5,1.0219e-5,1.3165e-5]],[[0.000103825,9.3906e-5,9.9216e-5,9.9226e-5,9.8975e-5],[0.000108744,0.000110627,0.000107372,0.000128811,0.000113834],[0.00011237,0.000110907,0.000111248,0.000111047,0.000109254],[0.000111529,0.000111569,0.000108082,0.000132137,0.000115316]],[[0.00102346,0.001047856,0.001088492,0.001031295,0.001016647],[0.0011419,0.001132362,0.001133093,0.00116904,0.001127874],[0.001174494,0.001167911,0.001168252,0.001146572,0.001196776],[0.001131732,0.001133064,0.001137592,0.001129768,0.001133114]],[[0.013422481,0.013561722,0.013369181,0.013503402,0.013350255],[0.013702766,0.013776845,0.013828332,0.013821379,0.013764192],[0.013791349,0.013713423,0.013789476,0.013790077,0.013799665],[0.013579147,0.013651583,0.01367154,0.013705825,0.013709582]],[[0.13602657,0.136190767,0.136159388,0.136027471,0.136336851],[0.139446553,0.139409263,0.139623545,0.139497579,0.139516625],[0.139343493,0.139113654,0.139381163,0.13928812,0.139304901],[0.138829486,0.138927771,0.138958628,0.138897454,0.139000065]],[[0.270307814,0.270442917,0.270958966,0.27043356,0.270674542],[0.279131684,0.278898386,0.278848022,0.278869422,0.278981212],[0.278947022,0.278869366,0.279070873,0.279047509,0.27920281],[0.277963944,0.278072487,0.278012654,0.278023906,0.27805325]],[[0.000205485,9.7603e-5,9.4037e-5,9.3886e-5,8.3076e-5],[0.000192742,9.8064e-5,0.000121007,9.604e-5,9.097e-5],[0.000220933,0.000104946,9.7121e-5,9.101e-5,8.8716e-5],[0.000211456,9.057e-5,9.9607e-5,9.3626e-5,9.1141e-5]],[[9.5489e-5,9.5529e-5,9.087e-5,9.9637e-5,0.000116238],[9.3796e-5,8.9948e-5,8.6652e-5,0.000118883,8.8606e-5],[0.000127388,9.3224e-5,8.7433e-5,9.0018e-5,8.9046e-5],[9.4177e-5,9.0329e-5,0.000134392,8.4529e-5,9.1542e-5]],[[0.00010655,0.000118091,0.000118122,0.000125225,0.000121849],[0.000100778,0.00011728,0.000115857,0.000125405,0.000111599],[0.000118351,0.000110717,0.000122819,0.000117128,0.000114464],[9.4848e-5,0.000106489,0.000113934,0.000115206,0.000137568]],[[0.060491053,0.001224387,0.001026165,0.000998684,0.000782658],[0.060357708,0.001161947,0.001034197,0.001021594,0.000778219],[0.060848933,0.001332318,0.001007733,0.001088523,0.00083012],[0.060976323,0.001142201,0.001018419,0.001132914,0.000782196]],[[0.007269127,0.007326444,0.007344829,0.007328529,0.007306638],[0.007313854,0.007284189,0.007401349,0.007290732,0.007336998],[0.007268646,0.007309903,0.007312809,0.007330181,0.00730795],[0.007289045,0.007354217,0.00731336,0.0073239,0.007301408]],[[0.014434289,0.01451474,0.014500163,0.014507016,0.01450949],[0.014506603,0.014572305,0.014508896,0.014416514,0.01451067],[0.014513828,0.0144931,0.014452193,0.01441285,0.014381942],[0.014366423,0.014439881,0.014463695,0.014426165,0.014452173]]]}