{"nodes_per_dir":[10000,100000,1000000,10000000,100000000,200000000,10000,100000,1000000,10000000,100000000,200000000],"sparse_func":["laplacian_fdm","laplacian_fdm","laplacian_fdm","laplacian_fdm","laplacian_fdm","laplacian_fdm","laplacian_fdm","laplacian_fdm","laplacian_fdm","laplacian_fdm","laplacian_fdm","laplacian_fdm"],"nruns":[5,5,5,5,5,5,5,5,5,5,5,5],"type":["cpu","cpu","cpu","cpu","cpu","cpu","gpu","gpu","gpu","gpu","gpu","gpu"],"times":[[[4.764e-5,1.7523e-5,1.1291e-5,1.1532e-5,1.4798e-5],[2.9465e-5,1.3315e-5,7.734e-6,7.214e-6,1.081e-5],[2.4846e-5,1.3275e-5,8.667e-6,1.085e-5,7.104e-6],[2.8012e-5,1.4928e-5,7.915e-6,7.334e-6,1.084e-5],[2.2132e-5,1.3586e-5,9.979e-6,7.073e-6,9.658e-6],[2.7482e-5,1.7463e-5,6.873e-6,7.053e-6,6.863e-6]],[[7.477e-5,6.9982e-5,7.4039e-5,6.946e-5,7.5983e-5],[7.1914e-5,7.3548e-5,7.2856e-5,7.4259e-5,6.975e-5],[8.1713e-5,7.3257e-5,6.9801e-5,7.3659e-5,7.2967e-5],[6.1265e-5,7.0332e-5,6.3068e-5,6.7887e-5,6.2437e-5],[7.5692e-5,7.3507e-5,7.3588e-5,7.3728e-5,7.6173e-5],[7.5371e-5,7.3297e-5,7.0091e-5,7.2867e-5,7.7876e-5]],[[0.000730731,0.000737835,0.000739247,0.000706826,0.00072467],[0.000743692,0.000734976,0.000723233,0.000707133,0.000735306],[0.000777999,0.000749646,0.000752862,0.000724038,0.000757711],[0.000680801,0.000647599,0.00066393,0.000659261,0.000640116],[0.000758689,0.000754461,0.000753199,0.000764671,0.000730307],[0.000743374,0.000764172,0.000763892,0.000759213,0.000732523]],[[0.009485105,0.009408241,0.009463966,0.009435673,0.00947665],[0.009132951,0.009143601,0.009109387,0.009111772,0.009172335],[0.010123787,0.009145332,0.009158447,0.009177662,0.009191308],[0.008417968,0.008424891,0.008459145,0.008404343,0.008428598],[0.009134357,0.009218225,0.009195793,0.00919971,0.009179713],[0.009175361,0.009218612,0.009144573,0.009215667,0.009225565]],[[0.09384114,0.093821292,0.093827074,0.093759306,0.093714252],[0.091968148,0.09207042,0.092085658,0.092025425,0.092125582],[0.091932416,0.092176153,0.092077778,0.092039647,0.092188105],[0.084123037,0.084305358,0.084347166,0.084168632,0.084291582],[0.091812845,0.091795222,0.092051001,0.091988453,0.09195451],[0.09279865,0.092956586,0.092747123,0.092908335,0.092735591]],[[0.189024979,0.188862033,0.188990324,0.188927216,0.189039156],[0.18420036,0.184306509,0.184604657,0.184487709,0.184415934],[0.185205867,0.185241083,0.185284735,0.185537308,0.185428936],[0.169125817,0.16943792,0.169179888,0.169093687,0.169282229],[0.184544439,0.184770301,0.184847907,0.184881439,0.184848648],[0.185815037,0.186547099,0.186199598,0.186218123,0.185975498]],[[0.000234981,9.7573e-5,8.8806e-5,9.6712e-5,8.8416e-5],[0.000156623,8.7884e-5,8.1663e-5,8.6552e-5,7.6413e-5],[0.00020286,0.000109385,9.7813e-5,8.7274e-5,9.1652e-5],[0.000211435,9.6951e-5,9.5438e-5,9.9346e-5,9.0389e-5],[0.000201197,9.6911e-5,0.000101059,9.3746e-5,9.1712e-5],[0.000211026,8.9588e-5,0.000131597,8.9758e-5,9.9597e-5]],[[0.000116889,9.3816e-5,9.047e-5,8.5651e-5,9.2263e-5],[0.000119795,9.0099e-5,9.3385e-5,8.6432e-5,8.7304e-5],[9.8335e-5,0.000112551,8.5871e-5,8.2495e-5,9.5399e-5],[9.3474e-5,0.000124432,8.8165e-5,8.6842e-5,8.8436e-5],[0.000131076,0.000109375,9.3796e-5,8.6011e-5,9.3786e-5],[0.0001015,0.000111439,9.6792e-5,8.0751e-5,9.2613e-5]],[[0.000102302,9.8084e-5,8.7925e-5,9.2313e-5,9.4878e-5],[0.000111208,9.8124e-5,9.7973e-5,8.8926e-5,9.8334e-5],[0.000103414,0.000104416,8.8546e-5,9.6962e-5,0.00011169],[0.000106669,8.7533e-5,0.000127669,8.7413e-5,0.000109404],[0.000108132,9.2674e-5,0.000104465,0.000103253,9.5368e-5],[0.000102553,9.9055e-5,9.3305e-5,8.501e-5,9.9016e-5]],[[0.061581396,0.001134258,0.000969148,0.001110343,0.000544692],[0.061364056,0.001249508,0.000980354,0.000889374,0.000552594],[0.065032957,0.001300659,0.0011196,0.00115212,0.000550592],[0.063823677,0.001166618,0.001169714,0.001270272,0.000552221],[0.061392898,0.001088897,0.000976337,0.000993138,0.000562132],[0.061948254,0.001073322,0.00098169,0.001161267,0.00053861]],[[0.004950909,0.004777934,0.004931632,0.004925932,0.004877591],[0.004831081,0.004925908,0.004903947,0.00495863,0.00488361],[0.004826832,0.005016868,0.004879422,0.00491096,0.004960653],[0.004839497,0.004869753,0.004902204,0.004892365,0.004930967],[0.004781786,0.004899986,0.004920064,0.004937957,0.004882363],[0.004834764,0.004911147,0.004927156,0.005006806,0.004910736]],[[0.009656538,0.009752206,0.009750333,0.009753519,0.009681223],[0.009707246,0.009719409,0.009770124,0.00973084,0.009764103],[0.009657442,0.009747802,0.009748764,0.009731361,0.009737503],[0.009748594,0.009770344,0.009719539,0.009770314,0.009743844],[0.009644011,0.009729802,0.009820732,0.009719393,0.009732627],[0.009653227,0.009643589,0.009689155,0.009676411,0.009652055]]]}