{"nodes_per_dir":[10000,100000,1000000,10000000,100000000,200000000,10000,100000,1000000,10000000,100000000,200000000],"sparse_func":["laplacian_fdm","laplacian_fdm","laplacian_fdm","laplacian_fdm","laplacian_fdm","laplacian_fdm","laplacian_fdm","laplacian_fdm","laplacian_fdm","laplacian_fdm","laplacian_fdm","laplacian_fdm"],"nruns":[5,5,5,5,5,5,5,5,5,5,5,5],"type":["cpu","cpu","cpu","cpu","cpu","cpu","gpu","gpu","gpu","gpu","gpu","gpu"],"times":[[[9.9116e-5,6.5753e-5,4.6036e-5,4.8511e-5,5.0635e-5],[8.3116e-5,6.5653e-5,4.4964e-5,4.5044e-5,4.286e-5],[8.2455e-5,6.3478e-5,5.3099e-5,4.9121e-5,4.9432e-5],[8.543e-5,6.2216e-5,4.6277e-5,4.3211e-5,4.5806e-5]],[[0.000468847,0.000432379,0.000434513,0.000452307,0.000425827],[0.000415199,0.00040518,0.000400771,0.000398798,0.000386736],[0.000444422,0.000460401,0.00042802,0.000452156,0.000436827],[0.000460103,0.000435106,0.000427351,0.000436268,0.000416121]],[[0.005830301,0.00558405,0.005572409,0.005590362,0.005548744],[0.005392535,0.005000569,0.004964992,0.004996201,0.004962778],[0.00606662,0.00553217,0.00553201,0.005540916,0.005543191],[0.00655593,0.005410673,0.005408389,0.00540861,0.005391317]],[[0.057332282,0.057369592,0.057316282,0.057236132,0.057455452],[0.067353004,0.067497005,0.067421734,0.067528594,0.06749983],[0.055180405,0.055246931,0.05536998,0.055319606,0.055320047],[0.07384662,0.074064488,0.074064037,0.074154668,0.073960734]],[[0.574035586,0.574344824,0.573637772,0.573168293,0.573954484],[0.510002607,0.510103978,0.510160593,0.509851834,0.509801019],[0.55793679,0.558085558,0.557737146,0.557564203,0.557645385],[0.747011713,0.74666337,0.747530595,0.747671079,0.74742638]],[[1.147393764,1.147508439,1.147787612,1.148565667,1.148543516],[1.019604793,1.01937926,1.019004948,1.019385161,1.019238666],[1.114036694,1.114353005,1.115249623,1.337928538,1.48084184],[1.111936818,1.10965499,1.110687014,1.111034326,1.110450161]],[[0.000201918,9.4808e-5,8.4278e-5,8.6422e-5,8.4689e-5],[0.000198032,9.3566e-5,8.2765e-5,8.1252e-5,0.000114255],[0.000191258,9.8464e-5,9.059e-5,9.4517e-5,9.2784e-5],[0.000195537,0.000115787,9.1672e-5,8.8706e-5,8.8015e-5]],[[0.000103614,9.5839e-5,9.0188e-5,8.8335e-5,0.000119543],[9.599e-5,9.7844e-5,0.00012277,8.6492e-5,8.7403e-5],[9.5579e-5,0.000100278,8.4088e-5,9.8544e-5,8.7274e-5],[0.000107772,9.3836e-5,9.5919e-5,0.000109215,9.6752e-5]],[[0.000247614,0.000325208,0.061031335,0.000306664,0.000330438],[0.000237997,0.06138507,0.000318196,0.000329548,0.00140204],[0.00025134,0.060778429,0.000325238,0.001385061,0.001126197],[0.000249788,0.000334287,0.061352808,0.000317044,0.000335409]],[[0.002847228,0.002963406,0.002968967,0.002975528,0.002992831],[0.002881365,0.002961655,0.002962156,0.002963919,0.002988385],[0.002898523,0.002947846,0.002967702,0.002987689,0.002967592],[0.002881682,0.002955872,0.002982973,0.002956122,0.00297618]],[[0.028644065,0.028794416,0.028712112,0.02874328,0.028728152],[0.028625073,0.028689824,0.028664145,0.028708048,0.028717746],[0.028607902,0.028694965,0.028683042,0.02869809,0.02871389],[0.028700174,0.028742914,0.02878346,0.028732975,0.028709361]],[[0.057462305,0.057372377,0.057383067,0.057380943,0.057499044],[0.057419282,0.057320707,0.057310699,0.057289378,0.057427267],[0.057388025,0.057324577,0.057344805,0.057327352,0.057449922],[0.057460912,0.057430766,0.057421588,0.057415887,0.057554938]]]}