{"nodes_per_dir":[10000,100000,1000000,10000000,100000000,200000000,10000,100000,1000000,10000000,100000000,200000000],"sparse_func":["laplacian_fdm","laplacian_fdm","laplacian_fdm","laplacian_fdm","laplacian_fdm","laplacian_fdm","laplacian_fdm","laplacian_fdm","laplacian_fdm","laplacian_fdm","laplacian_fdm","laplacian_fdm"],"nruns":[5,5,5,5,5,5,5,5,5,5,5,5],"type":["cpu","cpu","cpu","cpu","cpu","cpu","gpu","gpu","gpu","gpu","gpu","gpu"],"times":[[[6.5683e-5,3.0708e-5,2.1981e-5,1.7553e-5,2.0468e-5],[6.2968e-5,3.4865e-5,2.4856e-5,2.4817e-5,1.8074e-5]],[[0.000205856,0.000207018,0.000218099,0.000209223,0.000207289],[0.000205315,0.000206207,0.000214963,0.000194685,0.000196298]],[[0.0029368,0.002583857,0.0025798,0.002547279,0.002584308],[0.002890196,0.00259905,0.002599922,0.002577951,0.002528769]],[[0.0283419,0.027858183,0.027811635,0.027937952,0.02787812],[0.026443254,0.026524116,0.026534846,0.026056069,0.026510882]],[[0.275562835,0.277358895,0.276196013,0.272371057,0.272537089],[0.259618805,0.26301487,0.261817556,0.260789829,0.261834166]],[[0.560526999,0.55207887,0.55245243,0.555024866,0.555946405],[0.525333194,0.524639053,0.524496005,0.522049199,0.522212565]],[[0.000201117,0.000103293,9.8094e-5,9.1712e-5,9.2243e-5],[0.000206557,0.000107691,9.63e-5,0.000117982,9.2163e-5]],[[9.5068e-5,9.8254e-5,8.9789e-5,8.8606e-5,9.2203e-5],[0.000110347,9.7603e-5,9.581e-5,9.4958e-5,8.9958e-5]],[[0.000124844,0.000187602,0.000193513,0.000187512,0.000189125],[0.000114224,0.000196879,0.000204964,0.000164147,0.000191308]],[[0.061668757,0.001484575,0.001519882,0.001526023,0.001516756],[0.061556927,0.0014834,0.00152592,0.001500292,0.001522623]],[[0.014458088,0.014503502,0.014404467,0.014396702,0.014372667],[0.014478884,0.014566859,0.014560517,0.014557631,0.014575636]],[[0.028697855,0.028723884,0.028738631,0.028740525,0.028772184],[0.028692912,0.028730963,0.028705646,0.028704684,0.028705486]]]}